run,kind,fold,brset_photo_auc,brset_pat_auc,mb_photo_auc,mb_pat_auc,thr
shuf_f0,shuf,0,0.5870910698496906,0.6381578947368421,0.4988902629000915,0.5020689655172415,0.8466177
shuf_f1,shuf,1,0.4895470383275261,0.4276315789473685,0.4558112643936596,0.4505555555555556,0.3042926
shuf_f2,shuf,2,0.4362101313320826,0.41776315789473684,0.4997623139062425,0.5120306513409961,0.22332814
shuf_f3,shuf,3,0.5910852713178295,0.5197368421052632,0.4802142386818058,0.5127203065134099,0.40104106
shuf_f4,shuf,4,0.3622402890695573,0.3235294117647059,0.4567041932323703,0.44446360153256703,0.36331356
real_f0,real,0,0.7913351016799293,0.8026315789473684,0.52308606484976,0.5122988505747127,0.09179888
real_f1,real,1,0.6193379790940767,0.6776315789473685,0.5884368927361203,0.61816091954023,0.28187996
real_f2,real,2,0.5581613508442778,0.48684210526315796,0.5638171101867764,0.575632183908046,0.44137663
real_f3,real,3,0.7655038759689923,0.7697368421052632,0.6058136733743396,0.6122988505747127,0.5555165
real_f4,real,4,0.6097560975609756,0.630718954248366,0.4767886681548814,0.4701149425287356,0.41244572
