attribute,subgroup,n,n_pos,n_neg,auroc,included,gap,es_auc
patient_age,old,520,108,412,0.632910823444804,True,0.032191088312748195,0.6259182310105128
patient_age,young,459,122,337,0.6651019117575522,True,0.032191088312748195,0.6259182310105128
patient_sex,female,617,137,480,0.6716697080291969,True,0.06232406306777072,0.608163970413909
patient_sex,male,362,93,269,0.6093456449614262,True,0.06232406306777072,0.608163970413909
educational_level,illiterate,121,46,75,0.5742028985507246,True,0.08392061864366351,0.5960466190503612
educational_level,literate,854,181,673,0.6581235171943881,True,0.08392061864366351,0.5960466190503612
educational_level,unknown,4,3,1,0.6666666666666666,False,0.08392061864366351,0.5960466190503612
insurance,insured,77,16,61,0.4856557377049181,True,0.17168787372833116,0.551398742402048
insurance,uninsured,899,214,685,0.6573436114332493,True,0.17168787372833116,0.551398742402048
insurance,unknown,3,0,3,,False,0.17168787372833116,0.551398742402048
