attribute,subgroup,n,auroc,gap_note
patient_age,old,520,0.632910823444804,gap=0.0322
patient_age,young,459,0.6651019117575522,gap=0.0322
patient_sex,female,617,0.6716697080291969,gap=0.0623
patient_sex,male,362,0.6093456449614262,gap=0.0623
educational_level,illiterate,121,0.5742028985507246,gap=0.0839
educational_level,literate,854,0.6581235171943881,gap=0.0839
educational_level,unknown,4,0.6666666666666666,gap=0.0839
insurance,insured,77,0.4856557377049181,gap=0.1717
insurance,uninsured,899,0.6573436114332493,gap=0.1717
insurance,unknown,3,,gap=0.1717
