threshold,n,sensitivity,specificity,balanced_accuracy,accuracy,tp,fn,tn,fp,auroc_eval,default_sensitivity_eval
0.14555607736110687,781,0.4838709677419355,0.8033613445378152,0.6436161561398753,0.7272727272727273,90,96,478,117,0.6773651396042288,0.0
0.13896648585796356,791,0.4785276073619632,0.7595541401273885,0.6190408737446759,0.7016434892541087,78,85,477,151,0.6454417568676488,0.0
0.15682144463062286,785,0.4088397790055249,0.8841059602649006,0.6464728696352128,0.7745222929936306,74,107,534,70,0.6760821045699024,0.0
0.1416938155889511,783,0.49514563106796117,0.7885615251299827,0.6418535780989719,0.7113665389527458,102,104,455,122,0.6752368292641887,0.0
0.15631437301635742,778,0.42408376963350786,0.8807495741056218,0.6524166718695649,0.7686375321336761,81,110,517,70,0.6734304342784769,0.0
0.15682144463062286,781,0.3941176470588235,0.8821603927986906,0.6381390199287571,0.7759282970550576,67,103,539,72,0.6594493116395495,0.0
0.14098899066448212,786,0.5260416666666666,0.7575757575757576,0.6418087121212122,0.7010178117048346,101,91,450,144,0.6845187991021324,0.0
0.15595990419387817,781,0.46774193548387094,0.8840336134453781,0.6758877744646246,0.7848911651728553,87,99,526,69,0.6946778711484592,0.0
0.16597019135951996,784,0.36180904522613067,0.9367521367521368,0.6492805909891337,0.7908163265306123,72,127,548,37,0.7065927930249538,0.0
0.15962281823158264,785,0.3850267379679144,0.9080267558528428,0.6465267469103786,0.7834394904458599,72,115,543,55,0.6947400425661294,0.0
0.15726664662361145,784,0.41530054644808745,0.8968386023294509,0.6560695743887692,0.7844387755102041,76,107,539,62,0.6904339761599521,0.0
0.15506725013256073,780,0.43169398907103823,0.8760469011725294,0.6538704451217838,0.7717948717948718,79,104,523,74,0.6675270706904284,0.0
0.13836735486984253,780,0.5376344086021505,0.7373737373737373,0.637504072987944,0.6897435897435897,100,86,438,156,0.6696444734079142,0.0
0.15631437301635742,780,0.4473684210526316,0.8677966101694915,0.6575825156110615,0.7653846153846153,85,105,512,78,0.66971454058876,0.0
0.15506725013256073,788,0.39226519337016574,0.8797364085667215,0.6360008009684437,0.7677664974619289,71,110,534,73,0.6492304331600935,0.0
0.15682144463062286,781,0.42857142857142855,0.8902027027027027,0.6593870656370656,0.7784891165172856,81,108,527,65,0.6900382525382525,0.0
0.15827809274196625,781,0.41935483870967744,0.8974789915966387,0.658416915153158,0.7836107554417413,78,108,534,61,0.6983283636035059,0.0
0.1843615174293518,779,0.24404761904761904,0.9754500818330606,0.6097488504403398,0.8177150192554558,41,127,596,15,0.6869788013405034,0.0
0.15632708370685577,774,0.4262295081967213,0.8730964467005076,0.6496629774486145,0.7674418604651163,78,105,516,75,0.6559411204497332,0.0
0.09839042276144028,781,0.8983957219251337,0.2037037037037037,0.5510497128144187,0.3700384122919334,168,19,121,473,0.7144619096490754,0.0
0.14098899066448212,783,0.5631578947368421,0.7352445193929174,0.6492012070648797,0.6934865900383141,107,83,436,157,0.6935830300878671,0.0
0.15254619717597961,791,0.4594594594594595,0.863036303630363,0.6612478815449112,0.7686472819216182,85,100,523,83,0.6857996610471859,0.0
0.15506725013256073,779,0.42245989304812837,0.875,0.6487299465240641,0.766367137355584,79,108,518,74,0.6665522474346004,0.0
0.1385980248451233,782,0.5819209039548022,0.715702479338843,0.6488116916468226,0.6854219948849105,103,74,433,172,0.6907503385161321,0.0
0.1385980248451233,778,0.5333333333333333,0.725752508361204,0.6295429208472687,0.6812339331619537,96,84,434,164,0.6598197696023783,0.0
0.14131960272789001,777,0.4971751412429379,0.76,0.628587570621469,0.7001287001287001,88,89,456,144,0.6620433145009417,0.0
0.15682144463062286,784,0.44387755102040816,0.8894557823129252,0.6666666666666667,0.7780612244897959,87,109,523,65,0.6955869082326808,0.0
0.15506725013256073,779,0.43023255813953487,0.8632619439868204,0.6467472510631777,0.7676508344030809,74,98,524,83,0.6584996743419791,0.0
0.13854289054870605,784,0.582010582010582,0.7478991596638656,0.6649548708372237,0.7079081632653061,110,79,445,150,0.7009826152683295,0.0
0.15506725013256073,779,0.4083769633507853,0.8656462585034014,0.6370116109270934,0.7535301668806161,78,113,509,79,0.6488317840225095,0.0
0.13836735486984253,780,0.5631578947368421,0.7288135593220338,0.645985727029438,0.6884615384615385,107,83,430,160,0.6772435325602141,0.0
0.15595990419387817,781,0.4720812182741117,0.8784246575342466,0.6752529379041792,0.7759282970550576,93,104,513,71,0.6932497740073709,0.0
0.15254619717597961,781,0.4756756756756757,0.8506711409395973,0.6631734083076365,0.7618437900128041,88,97,507,89,0.7019045891529113,0.0
0.14555607736110687,779,0.49142857142857144,0.7913907284768212,0.6414096499526963,0.72400513478819,86,89,478,126,0.6807568590350048,0.0
0.1410253942012787,779,0.489010989010989,0.7353433835845896,0.6121771862977893,0.6777920410783055,89,93,439,158,0.6431700627680528,0.0
0.15726664662361145,781,0.35294117647058826,0.8905723905723906,0.6217567835214894,0.7618437900128041,66,121,529,65,0.6412430904409514,0.0
0.16919280588626862,781,0.3532608695652174,0.931323283082077,0.6422920763236473,0.795134443021767,65,119,556,41,0.6948237564634767,0.0
0.15631437301635742,781,0.42391304347826086,0.8793969849246231,0.651655014201442,0.7720870678617158,78,106,525,72,0.6687786759886388,0.0
0.15595990419387817,778,0.4772727272727273,0.8803986710963455,0.6788356991845363,0.7892030848329049,84,92,530,72,0.6982784657203263,0.0
0.15631437301635742,780,0.48295454545454547,0.8791390728476821,0.6810468091511138,0.7897435897435897,85,91,531,73,0.6967000301023479,0.0
0.12455184757709503,777,0.6534090909090909,0.5723793677204659,0.6128942293147784,0.5907335907335908,115,61,344,257,0.6946188171229769,0.0
0.13904385268688202,777,0.4968553459119497,0.7427184466019418,0.6197868962569457,0.6924066924066924,79,80,459,159,0.6690989395697218,0.0
0.17914746701717377,780,0.24561403508771928,0.9671592775041051,0.6063866562959122,0.808974358974359,42,129,589,20,0.684028077857479,0.0
0.15726664662361145,782,0.41624365482233505,0.8837606837606837,0.6500021692915094,0.7659846547314578,82,115,517,68,0.6723328560892011,0.0
0.15595990419387817,782,0.4444444444444444,0.8704318936877077,0.657438169066076,0.7723785166240409,80,100,524,78,0.6742063492063493,0.0
0.13854289054870605,779,0.5606936416184971,0.7293729372937293,0.6450332894561133,0.6919127086007703,97,76,442,164,0.685304946679639,0.0
0.15506725013256073,789,0.4388888888888889,0.8702791461412152,0.654584017515052,0.7718631178707225,79,101,530,79,0.6878854223681811,0.0
0.13896648585796356,781,0.5052631578947369,0.7411167512690355,0.6231899545818862,0.6837387964148528,96,94,438,153,0.6462730430136254,0.0
0.15883047878742218,779,0.4095744680851064,0.8934010152284264,0.6514877416567664,0.7766367137355584,77,111,528,63,0.680338049465385,0.0
0.13854289054870605,783,0.5706806282722513,0.7347972972972973,0.6527389627847743,0.6947637292464879,109,82,435,157,0.6916035800198104,0.0
0.15254619717597961,779,0.4745762711864407,0.8504983388704319,0.6625373050284363,0.7650834403080873,84,93,512,90,0.6879328791035532,0.0
0.1683856099843979,788,0.3541666666666667,0.9278523489932886,0.6410095078299777,0.7880710659898477,68,124,553,43,0.6977943232662193,0.0
0.15672212839126587,784,0.39487179487179486,0.8896434634974533,0.642257629184624,0.7665816326530612,77,118,524,65,0.669757520351748,0.0
0.1410253942012787,780,0.46994535519125685,0.7554438860971524,0.6126946206442047,0.6884615384615385,86,97,451,146,0.64565084072457,0.0
0.15962281823158264,785,0.4019607843137255,0.9053356282271945,0.65364820627046,0.7745222929936306,82,122,526,55,0.6881053626269786,0.0
0.15665070712566376,785,0.43529411764705883,0.8747967479674796,0.6550454328072692,0.7796178343949045,74,96,538,77,0.6838641798182687,0.0
0.15595990419387817,779,0.4678362573099415,0.8848684210526315,0.6763523391812865,0.7933247753530167,80,91,538,70,0.7044186672822407,0.0
0.15665070712566376,783,0.42780748663101603,0.8825503355704698,0.6551789111007429,0.7739463601532567,80,107,526,70,0.6711229946524064,0.0
0.15672212839126587,783,0.4213197969543147,0.8839590443686007,0.6526394206614577,0.7675606641123882,83,114,518,68,0.6723982605983958,0.0
0.16515380144119263,784,0.33163265306122447,0.9319727891156463,0.6318027210884354,0.7818877551020408,65,131,548,40,0.6586491739552964,0.0
0.15726664662361145,784,0.3631578947368421,0.8939393939393939,0.6285486443381181,0.7653061224489796,69,121,531,63,0.64732411837675,0.0
0.16681353747844696,788,0.3401015228426396,0.9272419627749577,0.6336717428087987,0.7804568527918782,67,130,548,43,0.6843000334973846,0.0
0.15506725013256073,782,0.43103448275862066,0.8667763157894737,0.6489053992740472,0.7698209718670077,75,99,527,81,0.6813369630973987,0.0
0.126651793718338,783,0.6089385474860335,0.5943708609271523,0.601654704206593,0.5977011494252874,109,70,359,245,0.6598560805061231,0.0
0.15631437301635742,782,0.44623655913978494,0.8758389261744967,0.6610377426571408,0.7736572890025576,83,103,522,74,0.6739193187558633,0.0
0.15254619717597961,779,0.4712041884816754,0.8520408163265306,0.661622502404103,0.7586649550706034,90,101,501,87,0.6760782847170281,0.0
0.15682144463062286,782,0.3945945945945946,0.8827470686767169,0.6386708316356557,0.7672634271099744,73,112,527,70,0.6696183620806737,0.0
0.13854289054870605,786,0.5294117647058824,0.7312186978297162,0.6303152312677993,0.683206106870229,99,88,438,161,0.6631283868836653,0.0
0.15595990419387817,780,0.4336734693877551,0.8852739726027398,0.6594737209952475,0.7717948717948718,85,111,517,67,0.6803449119373776,0.0
0.13968756794929504,781,0.5555555555555556,0.7466216216216216,0.6510885885885886,0.7003841229193342,105,84,442,150,0.7032478907478905,0.0
0.15506725013256073,785,0.41566265060240964,0.8804523424878837,0.6480574965451467,0.7821656050955414,69,97,545,74,0.6624073028787201,0.0
0.18767042458057404,790,0.20603015075376885,0.9813874788494078,0.5937088148015883,0.7860759493670886,41,158,580,11,0.6636481901895264,0.0
0.15595990419387817,778,0.4134078212290503,0.8831385642737897,0.64827319275142,0.7750642673521851,74,105,529,70,0.6670801428824576,0.0
0.13968756794929504,779,0.4838709677419355,0.7521079258010118,0.6179894467714737,0.6880616174582799,90,96,446,147,0.6514352028141943,0.0
0.15254619717597961,780,0.49206349206349204,0.871404399323181,0.6817339456933366,0.7794871794871795,93,96,515,76,0.711958030062937,0.0
0.15595990419387817,782,0.44919786096256686,0.8941176470588236,0.6716577540106952,0.7877237851662404,84,103,532,63,0.6821821776839078,0.0
0.15254619717597961,785,0.4550561797752809,0.8517298187808896,0.6533929992780853,0.7617834394904459,81,97,517,90,0.6671047516798401,0.0
0.18721063435077667,783,0.2185792349726776,0.985,0.6017896174863387,0.8058748403575989,40,143,591,9,0.7122131147540984,0.0
0.15883047878742218,778,0.43103448275862066,0.8990066225165563,0.6650205526375885,0.794344473007712,75,99,543,61,0.7093990256527365,0.0
0.15631437301635742,783,0.4431818181818182,0.871499176276771,0.6573404972292946,0.7752234993614304,78,98,529,78,0.6683765163995806,0.0
0.15993045270442963,783,0.36666666666666664,0.9071310116086235,0.6368988391376451,0.7828863346104725,66,114,547,56,0.679344020637553,0.0
0.15631437301635742,790,0.41708542713567837,0.8950930626057529,0.6560892448707156,0.7746835443037975,83,116,529,62,0.6698296899046842,0.0
0.15665070712566376,775,0.45789473684210524,0.8803418803418803,0.6691183085919927,0.7767741935483871,87,103,515,70,0.6915429599640125,0.0
0.15632708370685577,782,0.45614035087719296,0.8821603927986906,0.6691503718379418,0.789002557544757,78,93,539,72,0.6961744240579627,0.0
0.15254619717597961,782,0.4067796610169492,0.8628099173553719,0.6347947891861605,0.7595907928388747,72,105,522,83,0.6384834477284401,0.0
0.12480538338422775,783,0.6174863387978142,0.5733333333333334,0.5954098360655737,0.5836526181353767,113,70,344,256,0.6647723132969034,0.0
0.16989794373512268,781,0.30319148936170215,0.9376053962900506,0.6203984428258764,0.7848911651728553,57,131,556,37,0.6791378134979009,0.0
0.16515380144119263,780,0.3333333333333333,0.923469387755102,0.6284013605442177,0.7782051282051282,64,128,543,45,0.6543367346938775,0.0
0.15883047878742218,783,0.3967391304347826,0.8998330550918197,0.6482860927633012,0.7816091954022989,73,111,539,60,0.6868784931407417,0.0
0.18721063435077667,786,0.22099447513812154,0.9768595041322314,0.5989269896351765,0.8027989821882952,40,141,591,14,0.6787269987671796,0.0
0.1416938155889511,778,0.4945054945054945,0.7483221476510067,0.6214138210782506,0.6889460154241646,90,92,446,150,0.6561693340216831,0.0
0.15506725013256073,786,0.4519774011299435,0.8686371100164204,0.6603072555731819,0.7748091603053435,80,97,529,80,0.6675572625309623,0.0
0.15631437301635742,781,0.43023255813953487,0.8752052545155994,0.6527189063275671,0.7772087067861716,74,98,533,76,0.6611200213846564,0.0
0.13896648585796356,781,0.521978021978022,0.7245409015025042,0.6232594617402631,0.677336747759283,95,87,434,165,0.6499018510704654,0.0
0.13898128271102905,781,0.5027027027027027,0.7416107382550335,0.622156720478868,0.6850192061459667,93,92,442,154,0.6620805369127517,0.0
0.16562440991401672,781,0.2887700534759358,0.9276094276094277,0.6081897405426817,0.7746478873239436,54,133,551,43,0.6496966095896578,0.0
0.13854289054870605,784,0.5416666666666666,0.7483108108108109,0.6449887387387387,0.6977040816326531,104,88,443,149,0.6781478744369369,0.0
0.15632708370685577,780,0.43575418994413406,0.8885191347753744,0.6621366623597542,0.7846153846153846,78,101,534,67,0.6806997648239899,0.0
0.15665070712566376,776,0.45,0.8758389261744967,0.6629194630872484,0.7770618556701031,81,99,522,74,0.6789895600298286,0.0
0.15672212839126587,778,0.42391304347826086,0.8821548821548821,0.6530339628165716,0.7737789203084833,78,106,524,70,0.6764657444005271,0.0
0.15595990419387817,787,0.4873096446700508,0.8745762711864407,0.6809429579282458,0.7776365946632783,96,101,516,74,0.7000774326765894,0.0
0.15506725013256073,785,0.4642857142857143,0.8719611021069692,0.6681234081963418,0.7847133757961784,78,90,538,79,0.6906112526047696,0.0
0.18116559088230133,777,0.23497267759562843,0.9646464646464646,0.5998095711210465,0.7927927927927928,43,140,573,21,0.6770436606502179,0.0
0.13836735486984253,782,0.5555555555555556,0.7403035413153457,0.6479295484354506,0.6956521739130435,105,84,439,154,0.6852431810273294,0.0
0.16919280588626862,783,0.3125,0.934010152284264,0.623255076142132,0.7816091954022989,60,132,552,39,0.6870681754089115,0.0
0.15506725013256073,777,0.5084745762711864,0.8833333333333333,0.6959039548022599,0.797940797940798,90,87,530,70,0.7125894538606403,0.0
0.15682144463062286,784,0.3687150837988827,0.8859504132231405,0.6273327485110116,0.7678571428571429,66,113,536,69,0.6530126044600397,0.0
0.15254619717597961,783,0.4476744186046512,0.8494271685761048,0.648550793590378,0.7611749680715197,77,95,519,92,0.6550641342823431,0.0
0.12753048539161682,778,0.6114285714285714,0.6003316749585407,0.605880123193556,0.602827763496144,107,68,362,241,0.6642312248282396,0.0
0.15506725013256073,776,0.453125,0.8681506849315068,0.6606378424657534,0.7654639175257731,87,105,507,77,0.6697256706621004,0.0
0.18767042458057404,780,0.2,0.9815126050420168,0.5907563025210084,0.7961538461538461,37,148,584,11,0.6905110152168974,0.0
0.15506725013256073,782,0.44808743169398907,0.8647746243739566,0.6564310280339728,0.7672634271099744,82,101,518,81,0.6726876305682512,0.0
0.14098899066448212,787,0.5078534031413613,0.7651006711409396,0.6364770371411504,0.7026683608640406,97,94,456,140,0.6717909975754595,0.0
0.15726664662361145,780,0.4126984126984127,0.8747884940778342,0.6437434533881234,0.7628205128205128,78,111,517,74,0.6685109087816363,0.0
0.15631437301635742,778,0.40350877192982454,0.8682042833607908,0.6358565276453076,0.7660668380462725,69,102,527,80,0.6491420753971694,0.0
0.15631437301635742,783,0.38372093023255816,0.88379705400982,0.633758992121189,0.7739463601532567,66,106,540,71,0.6406196475469113,0.0
0.15631437301635742,774,0.4502923976608187,0.8805970149253731,0.6654447062930959,0.7855297157622739,77,94,531,72,0.678052233956921,0.0
0.15726664662361145,778,0.39325842696629215,0.885,0.6391292134831461,0.7724935732647815,70,108,531,69,0.6509831460674157,0.0
0.15631437301635742,784,0.41397849462365593,0.8729096989966555,0.6434440968101557,0.764030612244898,77,109,522,76,0.6576851152587477,0.0
0.15506725013256073,777,0.46808510638297873,0.8726655348047538,0.6703753205938663,0.7747747747747747,88,100,514,75,0.6827114113354766,0.0
0.17974115908145905,779,0.23255813953488372,0.9670510708401977,0.5998046051875408,0.8048780487804879,40,132,587,20,0.6686238075169534,0.0
0.15665070712566376,781,0.4479166666666667,0.8743633276740238,0.6611399971703452,0.7695262483994878,86,106,515,74,0.6812570741369552,0.0
0.15506725013256073,783,0.47191011235955055,0.8611570247933884,0.6665335685764695,0.7726692209450831,84,94,521,84,0.6891633392144116,0.0
0.16130946576595306,777,0.40298507462686567,0.8975694444444444,0.6502772595356551,0.7696267696267697,81,120,517,59,0.7108727197346603,0.0
0.15631437301635742,783,0.4143646408839779,0.8887043189368771,0.6515344799104275,0.7790549169859514,75,106,535,67,0.6769699528275912,0.0
0.1605094075202942,781,0.3473684210526316,0.9086294416243654,0.6279989313384985,0.7720870678617158,66,124,537,54,0.6580016029922523,0.0
0.1837243288755417,782,0.23880597014925373,0.9776247848537005,0.6082153775014771,0.7877237851662404,48,153,568,13,0.6754266533083293,0.0
0.15632708370685577,786,0.45685279187817257,0.8794567062818336,0.668154749080003,0.7735368956743003,90,107,518,71,0.6896400162022873,0.0
0.15631437301635742,784,0.4423076923076923,0.8885350318471338,0.665421362077413,0.7997448979591837,69,87,558,70,0.6924608035276825,0.0
0.1410253942012787,779,0.5105263157894737,0.7436332767402377,0.6270797962648558,0.686777920410783,97,93,438,151,0.671360915020999,0.0
0.15506725013256073,782,0.4619883040935672,0.8707037643207856,0.6663460342071764,0.7813299232736572,79,92,532,79,0.6745628391765011,0.0
0.11665607988834381,781,0.696078431372549,0.4436741767764298,0.5698763040744894,0.5096030729833547,142,62,256,321,0.6768783770007136,0.0
0.16130946576595306,779,0.3027027027027027,0.9006734006734006,0.6016880516880516,0.7586649550706034,56,129,535,59,0.6374101374101375,0.0
0.13896648585796356,779,0.5469613259668509,0.725752508361204,0.6363569171640274,0.6842105263157895,99,82,434,164,0.6696261941277555,0.0
0.15883047878742218,778,0.3862433862433862,0.8896434634974533,0.6379434248704198,0.7673521850899743,73,116,524,65,0.6625434554127253,0.0
0.15672212839126587,776,0.4502923976608187,0.8942148760330578,0.6722536368469383,0.7963917525773195,77,94,541,64,0.7074960127591707,0.0
0.126651793718338,782,0.6108108108108108,0.6197654941373534,0.6152881524740821,0.6176470588235294,113,72,370,227,0.6750690388881344,0.0
0.13896648585796356,783,0.5353535353535354,0.7418803418803419,0.6386169386169387,0.6896551724137931,106,92,434,151,0.6713545713545713,0.0
0.2465798556804657,782,0.0797872340425532,1.0,0.5398936170212766,0.7787723785166241,15,173,594,0,0.7090765814170069,0.0
0.1280117630958557,783,0.622093023255814,0.602291325695581,0.6121921744756975,0.6066411238825032,107,65,368,243,0.6884348951394967,0.0
0.15785929560661316,777,0.39285714285714285,0.8916256157635468,0.6422413793103449,0.7837837837837838,66,102,543,66,0.6767827820783485,0.0
0.15785929560661316,782,0.4098360655737705,0.8848080133555927,0.6473220394646816,0.7736572890025576,75,108,530,69,0.6793563042228852,0.0
0.15672212839126587,784,0.44021739130434784,0.8783333333333333,0.6592753623188405,0.7755102040816326,81,103,527,73,0.6849999999999999,0.0
0.15595990419387817,785,0.4472361809045226,0.8805460750853242,0.6638911279949234,0.7707006369426752,89,110,516,70,0.6797725830517776,0.0
0.12838514149188995,777,0.6129032258064516,0.61082910321489,0.6118661645106709,0.6113256113256114,114,72,361,230,0.678165311209359,0.0
0.15632708370685577,783,0.4230769230769231,0.8718801996672213,0.6474785613720722,0.7675606641123882,77,105,524,77,0.673209486021466,0.0
0.15631437301635742,776,0.38372093023255816,0.8824503311258278,0.633085630679193,0.7719072164948454,66,106,533,71,0.6464943015555213,0.0
0.1663341522216797,782,0.3114754098360656,0.9282136894824707,0.6198445496592682,0.7838874680306905,57,126,556,43,0.6675241978890134,0.0
0.13854289054870605,779,0.5698324022346368,0.7083333333333334,0.639082867783985,0.6765083440308087,102,77,425,175,0.6821415270018621,0.0
0.15506725013256073,778,0.46842105263157896,0.8673469387755102,0.6678839957035445,0.7699228791773779,89,101,510,78,0.6868868600071608,0.0
0.16597019135951996,781,0.3473053892215569,0.9218241042345277,0.6345647467280423,0.7989756722151088,58,109,566,48,0.6832296319413291,0.0
0.15672212839126587,782,0.375,0.8827361563517915,0.6288680781758957,0.7736572890025576,63,105,542,72,0.6582422056770589,0.0
0.14169558882713318,784,0.49162011173184356,0.7553719008264462,0.6234960062791449,0.6951530612244898,88,91,457,148,0.6594302599381319,0.0
0.15785929560661316,785,0.4114285714285714,0.8836065573770492,0.6475175644028103,0.778343949044586,72,103,539,71,0.6770210772833725,0.0
0.15672212839126587,780,0.4461538461538462,0.8923076923076924,0.6692307692307693,0.7807692307692308,87,108,522,63,0.692053473591935,0.0
0.13836735486984253,781,0.544973544973545,0.7263513513513513,0.6356624481624482,0.6824583866837388,103,86,430,162,0.6651741026741027,0.0
0.12101108580827713,783,0.6686046511627907,0.5319148936170213,0.6002597723899059,0.561941251596424,115,57,325,286,0.6902808967380961,0.0
0.18721063435077667,783,0.22807017543859648,0.9787581699346405,0.6034141726866185,0.8148148148148148,39,132,599,13,0.6902304781561748,0.0
0.15665070712566376,785,0.4124293785310734,0.8914473684210527,0.6519383734760631,0.7834394904458599,73,104,542,66,0.6685344186738031,0.0
0.15682144463062286,781,0.4696969696969697,0.8713550600343053,0.6705260148656376,0.7695262483994878,93,105,508,75,0.705260148656375,0.0
0.17691999673843384,778,0.2760416666666667,0.962457337883959,0.6192495022753128,0.7930591259640103,53,139,564,22,0.6808695961319681,0.0
0.15632708370685577,780,0.4226190476190476,0.8839869281045751,0.6533029878618114,0.7846153846153846,71,97,541,71,0.6638460939931528,0.0
0.15726664662361145,785,0.4072164948453608,0.8917089678510999,0.6494627313482304,0.7719745222929937,79,115,527,64,0.6787639332251819,0.0
0.15254619717597961,782,0.4311377245508982,0.8634146341463415,0.6472761793486198,0.7710997442455243,72,95,531,84,0.6543401002872304,0.0
0.15254619717597961,783,0.4530386740331492,0.8704318936877077,0.6617352838604285,0.7739463601532567,82,99,524,78,0.6838071988399625,0.0
0.18870770931243896,789,0.2127659574468085,0.9850249584026622,0.5988954579247354,0.8010139416983524,40,148,592,9,0.7001628491521223,0.0
0.15595990419387817,790,0.4180790960451977,0.8792822185970636,0.6486806573211307,0.7759493670886076,74,103,539,74,0.6504364015078201,0.0
0.15672212839126587,785,0.4,0.8829268292682927,0.6414634146341464,0.778343949044586,68,102,543,72,0.6663797226207557,0.0
0.15506725013256073,787,0.45408163265306123,0.8849407783417935,0.6695112054974274,0.7776365946632783,89,107,523,68,0.687825891778031,0.0
0.1564261019229889,786,0.441340782122905,0.8780889621087314,0.6597148721158183,0.7786259541984732,79,100,533,74,0.6780576698296411,0.0
0.15254619717597961,773,0.47674418604651164,0.848585690515807,0.6626649382811594,0.7658473479948253,82,90,510,91,0.6949077119529465,0.0
0.1416938155889511,782,0.49444444444444446,0.7541528239202658,0.6242986341823551,0.6943734015345269,89,91,454,148,0.6691583610188261,0.0
0.14471061527729034,777,0.4945054945054945,0.7781512605042017,0.636328377504848,0.7117117117117117,90,92,463,132,0.6818819835626557,0.0
0.13836735486984253,785,0.5706214689265536,0.743421052631579,0.6570212607790663,0.7044585987261146,101,76,452,156,0.7001282337198931,0.0
0.15506725013256073,782,0.47282608695652173,0.8678929765886287,0.6703595317725752,0.7749360613810742,87,97,519,79,0.687918060200669,0.0
0.1605094075202942,776,0.38308457711442784,0.9008695652173913,0.6419770711659095,0.7667525773195877,77,124,518,57,0.6762535150335278,0.0
0.17230740189552307,784,0.3020833333333333,0.9442567567567568,0.623170045045045,0.7869897959183674,58,134,559,33,0.6880542652027027,0.0
0.15632708370685577,781,0.4222222222222222,0.9034941763727121,0.6628581992974671,0.7925736235595391,76,104,543,58,0.6698650397485673,0.0
0.16515380144119263,779,0.38922155688622756,0.9297385620915033,0.6594800594888655,0.8138639281129654,65,102,569,43,0.7031329497867012,0.0
0.16562440991401672,788,0.33505154639175255,0.9343434343434344,0.6346974903675935,0.7868020304568528,65,129,555,39,0.6699902808150231,0.0
0.13904385268688202,783,0.5416666666666666,0.7365853658536585,0.6391260162601626,0.6947637292464879,91,77,453,162,0.6943670150987225,0.0
0.13896648585796356,790,0.5138121546961326,0.7422003284072249,0.6280062415516787,0.689873417721519,93,88,452,157,0.6570412504876212,0.0
0.13836735486984253,773,0.5059523809523809,0.7421487603305785,0.6240505706414797,0.6908150064683053,85,83,449,156,0.6495375836284927,0.0
0.16515636444091797,782,0.33146067415730335,0.9304635761589404,0.6309621251581219,0.7941176470588235,59,119,562,42,0.698749906987127,0.0
0.15595990419387817,780,0.4639175257731959,0.8771331058020477,0.6705253157876219,0.7743589743589744,90,104,514,72,0.6984887934977657,0.0
0.12619037926197052,782,0.635,0.5670103092783505,0.6010051546391753,0.5843989769820972,127,73,330,252,0.6638831615120275,0.0
0.12101108580827713,778,0.6685714285714286,0.5290215588723052,0.5987964937218668,0.5604113110539846,117,58,319,284,0.6864060649135276,0.0
0.16562440991401672,784,0.2935323383084577,0.9279588336192109,0.6107455859638343,0.7653061224489796,59,142,541,42,0.6358942850072109,0.0
0.16597019135951996,781,0.3641025641025641,0.9197952218430034,0.6419488929727838,0.7810499359795134,71,124,539,47,0.679399667454275,0.0
0.15254619717597961,780,0.4583333333333333,0.8605442176870748,0.659438775510204,0.7615384615384615,88,104,506,82,0.6752940759637189,0.0
0.16515380144119263,774,0.3411764705882353,0.9221854304635762,0.6316809505259058,0.7945736434108527,58,112,557,47,0.6627580833657967,0.0
0.13836735486984253,782,0.5483870967741935,0.7181208053691275,0.6332539510716605,0.6777493606138107,102,84,428,168,0.6645377787399871,0.0
0.15595990419387817,789,0.37714285714285717,0.8794788273615635,0.6283108422522103,0.7680608365019012,66,109,540,74,0.636603071195905,0.0
0.16515380144119263,784,0.3516483516483517,0.9269102990033222,0.639279325325837,0.7933673469387755,64,118,558,44,0.6628272060165747,0.0
0.15506725013256073,779,0.480225988700565,0.872093023255814,0.6761595059781895,0.7830551989730423,85,92,525,77,0.6979278112506334,0.0
0.13836735486984253,788,0.5625,0.7298657718120806,0.6461828859060403,0.6890862944162437,108,84,435,161,0.6765240492170023,0.0
0.15506725013256073,780,0.4431818181818182,0.8725165562913907,0.6578491872366045,0.7756410256410257,78,98,527,77,0.6817617399157133,0.0
0.15672212839126587,779,0.48863636363636365,0.8689883913764511,0.6788123775064074,0.7830551989730423,86,90,524,79,0.7112072214684154,0.0
0.15827809274196625,780,0.39800995024875624,0.8963730569948186,0.6471915036217875,0.767948717948718,80,121,519,60,0.6624562850686121,0.0
0.15595990419387817,780,0.43956043956043955,0.8695652173913043,0.654562828475872,0.7692307692307693,80,102,520,78,0.6765592267264507,0.0
