,,BRSET,mBRSET
auroc_any,mean,0.927029735648485,0.6607346026586173
auroc_any,std,0.01555512684672942,0.042852667829065744
auroc_any,min,0.8922335600907031,0.592401462819992
auroc_any,max,0.9455882352941176,0.733917687351251
auroc_referable,mean,0.9299101236067348,0.7276969683870782
auroc_referable,std,0.011957025241467677,0.053154596225845
auroc_referable,min,0.9126432720992308,0.6313074551165672
auroc_referable,max,0.9568108974358974,0.7911155298118209
sens_at_0.5,mean,0.7623651150457784,0.02347826086956522
sens_at_0.5,std,0.06494677143942124,0.03202865761521454
sens_at_0.5,min,0.6838235294117647,0.0
sens_at_0.5,max,0.8814814814814815,0.10434782608695652
sens_at_10fpr,mean,0.8098025208479054,0.3230434782608696
sens_at_10fpr,std,0.05025290335487524,0.08040670615872225
sens_at_10fpr,min,0.7214285714285714,0.16956521739130434
sens_at_10fpr,max,0.8642857142857143,0.41739130434782606
sens_lo,mean,0.7368288069497535,0.26690714381498337
sens_lo,std,0.054344128662039706,0.07437571827711623
sens_lo,min,0.6420160862287814,0.12659217113836466
sens_lo,max,0.7977487906111637,0.3555293717131014
sens_hi,mean,0.8659113070425406,0.38499376208331254
sens_hi,std,0.04333958342595574,0.0838072010511331
sens_hi,min,0.7890140248545956,0.223394778450591
sens_hi,max,0.9113652631066501,0.48196736568413734
spec_at_10fpr,mean,0.8990705358448835,0.8998664886515353
spec_at_10fpr,std,0.0006678643718601517,0.0
spec_at_10fpr,min,0.8981233243967829,0.8998664886515354
spec_at_10fpr,max,0.9,0.8998664886515354
spec_lo,mean,0.8645493048068531,0.8762867837713222
spec_lo,std,0.0008371420577748874,0.0
spec_lo,min,0.8632560900422164,0.8762867837713222
spec_lo,max,0.8657191263448276,0.8762867837713222
spec_hi,mean,0.9255511748819609,0.9193654653623791
spec_hi,std,0.0005370371198023202,0.0
spec_hi,min,0.9248119603370184,0.9193654653623791
spec_hi,max,0.9262745287595651,0.9193654653623791
kappa_at_10fpr,mean,0.6891940729510703,0.2513161378121094
kappa_at_10fpr,std,0.03777975156355472,0.08556734483257164
kappa_at_10fpr,min,0.6222988200981042,0.0841328569016937
kappa_at_10fpr,max,0.7316197350823517,0.3482044731284185
n_pos,mean,137.5,230.0
n_pos,std,2.915475947422648,0.0
n_pos,min,133.0,230.0
n_pos,max,142.0,230.0
n_neg,mean,377.5,749.0
n_neg,std,3.2744804507314162,0.0
n_neg,min,373.0,749.0
n_neg,max,384.0,749.0
ppv_prev5,mean,0.29667391712101565,0.14411755025904027
ppv_prev5,std,0.01236228238097582,0.03177478893171048
ppv_prev5,min,0.27415301095807776,0.08183246909326232
ppv_prev5,max,0.3092514384900298,0.17991562701737007
npv_prev5,mean,0.9889971426148044,0.9619316623591081
npv_prev5,std,0.0028644840256164,0.004337801307232411
npv_prev5,min,0.9839611289659269,0.953679188742274
npv_prev5,max,0.9921120344202135,0.9670471536365803
ppv_prev10,mean,0.4709006986023895,0.2608528354415737
ppv_prev10,std,0.014907687258520921,0.051152310864173156
ppv_prev10,min,0.4436310395314787,0.15835867744401258
ppv_prev10,max,0.48590203362896484,0.31654296204337157
npv_prev10,mean,0.9770689486516584,0.9229298823592673
npv_prev10,std,0.005886567130824172,0.008402780091185169
npv_prev10,min,0.9667330110889963,0.9069981972892379
npv_prev10,max,0.9834923083356177,0.932890061556114
ppv_prev20,mean,0.6668033952895388,0.43962824359573116
ppv_prev20,std,0.013442962440572822,0.06857496122593061
ppv_prev20,min,0.6421003060984224,0.2974310413293827
ppv_prev20,max,0.6801635254155771,0.510304888434679
npv_prev20,mean,0.9499229395465492,0.8419647283655263
npv_prev20,std,0.012443685777116293,0.0156299249857819
npv_prev20,min,0.9281375827475602,0.8125387380280658
npv_prev20,max,0.9636086159392828,0.8606890731574608
ref_sens_at_10fpr,mean,0.8319848016761842,0.4145348837209302
ref_sens_at_10fpr,std,0.0429461806454871,0.1149487858308235
ref_sens_at_10fpr,min,0.7803030303030303,0.21511627906976744
ref_sens_at_10fpr,max,0.9153846153846154,0.5348837209302325
ref_sens_lo,mean,0.7571631460851345,0.345457977863317
ref_sens_lo,std,0.04833540015972288,0.10820562400068592
ref_sens_lo,min,0.7022999211929869,0.16028856102320269
ref_sens_lo,max,0.854828737916243,0.46039557022749195
ref_sens_hi,mean,0.8868417763267299,0.48734595707305745
ref_sens_hi,std,0.034993891309935354,0.11669021488571941
ref_sens_hi,min,0.8424527677829486,0.2823912220980455
ref_sens_hi,max,0.9520961185722477,0.6078477216352124
ref_spec_at_10fpr,mean,0.8984180411380427,0.8996282527881041
ref_spec_at_10fpr,std,0.0005867829456090935,0.0
ref_spec_at_10fpr,min,0.8979591836734694,0.8996282527881041
ref_spec_at_10fpr,max,0.8997429305912596,0.8996282527881041
ref_spec_lo,mean,0.8644795559632886,0.8769653087805122
ref_spec_lo,std,0.0005690750277408521,0.0
ref_spec_lo,min,0.8640284625616316,0.8769653087805122
ref_spec_lo,max,0.8658778719375607,0.8769653087805122
ref_spec_hi,mean,0.9245979917655152,0.91850462302329
ref_spec_hi,std,0.0006249493466651446,0.0
ref_spec_hi,min,0.9239261539631247,0.91850462302329
ref_spec_hi,max,0.9257900973384982,0.91850462302329
ref_kappa_at_10fpr,mean,0.6938408143142066,0.32438178763265774
ref_kappa_at_10fpr,std,0.03083419862637303,0.10812883308994557
ref_kappa_at_10fpr,min,0.6605504587155964,0.1309150987596479
ref_kappa_at_10fpr,max,0.759705288353654,0.43352034013434293
ref_n_pos,mean,124.2,172.0
ref_n_pos,std,5.138093031466052,0.0
ref_n_pos,min,116.0,172.0
ref_n_pos,max,132.0,172.0
ref_n_neg,mean,390.8,807.0
ref_n_neg,std,6.72970199109061,0.0
ref_n_neg,min,384.0,807.0
ref_n_neg,max,402.0,807.0
ref_ppv_prev5,mean,0.30107165794301005,0.17668384695757278
ref_ppv_prev5,std,0.010679003380371793,0.04203539049555205
ref_ppv_prev5,min,0.2883895131086142,0.1013657334324619
ref_ppv_prev5,max,0.321743906045372,0.21903986405154713
ref_npv_prev5,mean,0.9902589077081958,0.9669191200280112
ref_npv_prev5,std,0.0024699385755467974,0.006263959132386527
ref_npv_prev5,min,0.9873007589594655,0.9560973486739743
ref_npv_prev5,max,0.9950675756153269,0.9735098033422946
ref_ppv_prev10,mean,0.47617062498018015,0.30954984056359264
ref_ppv_prev10,std,0.012601344196223378,0.06378052977179667
ref_ppv_prev10,min,0.46107784431137727,0.19233221898007694
ref_ppv_prev10,max,0.5003613428815452,0.37190430391921137
ref_npv_prev10,mean,0.979668157329695,0.9327126165970278
ref_npv_prev10,std,0.005111524330090869,0.012257387715640113
ref_npv_prev10,min,0.9735635169921829,0.9116274995072166
ref_npv_prev10,max,0.98964386060401,0.9456752226508068
ref_ppv_prev20,mean,0.6715256963980614,0.49813357472168523
ref_ppv_prev20,std,0.01108905621200516,0.07821259776521129
ref_ppv_prev20,min,0.6581196581196581,0.3488730765186302
ref_ppv_prev20,max,0.692615496544198,0.5712307266180408
ref_npv_prev20,mean,0.9554487529882241,0.8606455414811617
ref_npv_prev20,std,0.010979810387262597,0.023291082558828353
ref_npv_prev20,min,0.9424206573735919,0.8209416648998328
ref_npv_prev20,max,0.976996471049536,0.885541656029274
brier,mean,0.095102837047664,0.19068416842145347
brier,std,0.01152155837272482,0.016927815546691528
brier,min,0.07706348114155227,0.16677737478620028
brier,max,0.11845336100434628,0.22183345645831667
ece,mean,0.06761356234088166,0.1429578696808478
ece,std,0.01600540854482757,0.04416959581075008
ece,min,0.03943832977723734,0.048503790381001013
ece,max,0.09705759677220077,0.2094398852150153
mean_pred,mean,0.27473800911679735,0.09213654602354443
mean_pred,std,0.041164171532171515,0.04437159854254475
mean_pred,min,0.21322264832809432,0.025493720505107256
mean_pred,max,0.3388520395327553,0.187371059288049
observed_rate,mean,0.26698522626251797,0.23493360572012256
observed_rate,std,0.005103314155182585,0.0
observed_rate,min,0.259765625,0.23493360572012256
observed_rate,max,0.2751937984496124,0.23493360572012256
temperature,mean,1.3324539455859277,1.3324539455859277
temperature,std,0.30181609803682,0.30181609803682
temperature,min,0.6724275605359563,0.6724275605359563
temperature,max,1.7404353542718176,1.7404353542718176
brier_tscaled,mean,0.09087865573950449,0.17825973883728674
brier_tscaled,std,0.012070447411731092,0.009834718356601166
brier_tscaled,min,0.07570483129261293,0.15817515150706518
brier_tscaled,max,0.11718132747984841,0.19317498946272774
ece_tscaled,mean,0.046492211571928725,0.09783174672698818
ece_tscaled,std,0.021126794520021343,0.026818114652764707
ece_tscaled,min,0.021150457190714296,0.06233291237279
ece_tscaled,max,0.09279606737515386,0.13538010854184238
es_auc,mean,0.8967485711897542,0.6203765243216766
es_auc,std,0.0199369833316012,0.044045025889189744
es_auc,min,0.8594222668987772,0.5595401537602159
es_auc,max,0.9234536813898467,0.6861216432501838
