run,test,auroc_any,auroc_referable,sens_at_0.5,sens_at_10fpr,sens_lo,sens_hi,spec_at_10fpr,spec_lo,spec_hi,kappa_at_10fpr,n_pos,n_neg,ppv_prev5,npv_prev5,ppv_prev10,npv_prev10,ppv_prev20,npv_prev20,ref_sens_at_10fpr,ref_sens_lo,ref_sens_hi,ref_spec_at_10fpr,ref_spec_lo,ref_spec_hi,ref_kappa_at_10fpr,ref_n_pos,ref_n_neg,ref_ppv_prev5,ref_npv_prev5,ref_ppv_prev10,ref_npv_prev10,ref_ppv_prev20,ref_npv_prev20,brier,ece,mean_pred,observed_rate,temperature,brier_tscaled,ece_tscaled,es_auc
run_r01,BRSET,0.9370761709509542,0.9249685798072895,0.6838235294117647,0.8602941176470589,0.7920912506242163,0.9087023536758291,0.8981233243967829,0.8632560900422164,0.9248737534248057,0.7261865438518673,136,373,0.3076928500419509,0.9918794766290031,0.4840770689827295,0.9830099705844983,0.6785719838912818,0.9625674098253286,0.8548387096774194,0.7821891663399803,0.906163428898394,0.8987012987012987,0.8645152183624187,0.9250096457897852,0.7126316102257306,124,385,0.30754970081540983,0.9915704300905237,0.4839092181089477,0.9823693730823831,0.678425374871164,0.9611864729537486,0.09146360643381973,0.07265545096463658,0.21322264832809432,0.26719056974459726,1.7404353542718176,0.083956275514099,0.053119441221011726,0.9202744545928521
run_r01,mBRSET,0.592401462819992,0.6313074551165672,0.0,0.16956521739130434,0.12659217113836466,0.223394778450591,0.8998664886515354,0.8762867837713222,0.9193654653623791,0.0841328569016937,230,749,0.08183246909326232,0.953679188742274,0.15835867744401258,0.9069981972892379,0.2974310413293827,0.8125387380280658,0.21511627906976744,0.16028856102320269,0.2823912220980455,0.8996282527881041,0.8769653087805122,0.91850462302329,0.1309150987596479,172,807,0.1013657334324619,0.9560973486739743,0.19233221898007694,0.9116274995072166,0.3488730765186302,0.8209416648998328,0.22183345645831667,0.2094398852150153,0.025493720505107256,0.23493360572012256,1.7404353542718176,0.19317498946272774,0.1282889335621646,0.5595401537602159
run_r02,BRSET,0.9305944600062247,0.9340916694546672,0.7867647058823529,0.8382352941176471,0.7672091057298043,0.8906787676947281,0.8994708994708994,0.8650244966835217,0.9258796677955992,0.7109328134373125,136,378,0.30500268961807414,0.9906232663867328,0.48091603053435106,0.98040878636248,0.6758045292014302,0.9569734472981642,0.8442622950819673,0.7695339138818335,0.8979726514960816,0.8979591836734694,0.8640284625616316,0.9241658839369798,0.7006849720681418,122,392,0.3033599807657631,0.9909544028059811,0.47897883648097184,0.9810937595191195,0.6741017764124483,0.958443065660849,0.07706348114155227,0.03943832977723734,0.2528938366429961,0.26459143968871596,1.2746645482674541,0.07570483129261293,0.021150457190714296,0.8885876139629321
run_r02,mBRSET,0.6629302838567365,0.7372193884902453,0.0,0.34347826086956523,0.2851311070086596,0.4069679743755825,0.8998664886515354,0.8762867837713222,0.9193654653623791,0.2748053071820018,230,749,0.15292785865848588,0.9630211618258617,0.2759571124096987,0.9250145364352351,0.4616566930116798,0.8457416265332204,0.4418604651162791,0.3697186957589924,0.5165424844698338,0.8996282527881041,0.8769653087805122,0.91850462302329,0.3536218260762526,172,807,0.18811188811188814,0.968379291766665,0.3284704370179949,0.935510937968235,0.5239364428498207,0.8657237936772046,0.20573304855949107,0.17715350076608785,0.057780104954034725,0.23493360572012256,1.2746645482674541,0.19186203057151013,0.13538010854184238,0.6193484469012257
run_r03,BRSET,0.9455882352941176,0.9568108974358974,0.8428571428571429,0.8642857142857143,0.7977487906111637,0.9113652631066501,0.8983957219251337,0.863613466339962,0.9250771153720377,0.7316197350823517,140,374,0.3092514384900298,0.9921120344202135,0.48590203362896484,0.9834923083356177,0.6801635254155771,0.9636086159392828,0.9153846153846154,0.854828737916243,0.9520961185722477,0.8984375,0.8641702203783634,0.9248119603370184,0.759705288353654,130,384,0.321743906045372,0.9950675756153269,0.5003613428815452,0.98964386060401,0.692615496544198,0.976996471049536,0.08775044525138598,0.06796885411400778,0.294740621333463,0.2723735408560311,1.5853582664104564,0.08210292992312357,0.047515637944296835,0.9234536813898467
run_r03,mBRSET,0.6514599175712543,0.7169101754992651,0.0391304347826087,0.34347826086956523,0.2851311070086596,0.4069679743755825,0.8998664886515354,0.8762867837713222,0.9193654653623791,0.2748053071820018,230,749,0.15292785865848588,0.9630211618258617,0.2759571124096987,0.9250145364352351,0.4616566930116798,0.8457416265332204,0.43023255813953487,0.3585615957401108,0.5049518205344805,0.8996282527881041,0.8769653087805122,0.91850462302329,0.3432066653423933,172,807,0.1840727931793383,0.9677417775917809,0.3226151502382419,0.9342557447041983,0.517280806610883,0.8633087556647896,0.19112150758832053,0.156387031494382,0.07921343011950971,0.23493360572012256,1.5853582664104564,0.17180963527050158,0.069723912509487,0.5962029091260639
run_r04,BRSET,0.9183257055682685,0.9265265630061548,0.6956521739130435,0.7246376811594203,0.6447903908609944,0.7923173524532254,0.9,0.8657191263448276,0.9262745287595651,0.6246376811594203,138,380,0.2760905577029266,0.9841521394611727,0.4460303300624443,0.9671223395051047,0.6443298969072165,0.9289454001495887,0.7857142857142857,0.706178643674883,0.8483437763621872,0.8979591836734694,0.8640284625616316,0.9241658839369798,0.6605504587155964,126,392,0.2883895131086142,0.9875959834613113,0.46107784431137727,0.9741697416974169,0.6581196581196581,0.9436997319034853,0.10466317893688654,0.09705759677220077,0.29324472665637064,0.26640926640926643,0.6724275605359563,0.10038030549637318,0.047381453207848256,0.8847551347617655
run_r04,mBRSET,0.6818308469263366,0.7838174692371979,0.021739130434782608,0.3826086956521739,0.32221348577447173,0.44686082526370985,0.8998664886515354,0.8762867837713222,0.9193654653623791,0.3141845322452037,230,749,0.167432975496746,0.9651483842977346,0.29802588148054376,0.9291672938014223,0.48855550284629995,0.8535897075868828,0.5348837209302325,0.46039557022749195,0.6078477216352124,0.8996282527881041,0.8769653087805122,0.91850462302329,0.43352034013434293,172,807,0.21903986405154713,0.9735098033422946,0.37190430391921137,0.9456752226508068,0.5712307266180408,0.885541656029274,0.16677737478620028,0.048503790381001013,0.187371059288049,0.23493360572012256,0.6724275605359563,0.1798813073358022,0.128906702224627,0.646756221246107
run_r05,BRSET,0.8922335600907031,0.9294047006347572,0.7571428571428571,0.7214285714285714,0.6420160862287814,0.7890140248545956,0.8994708994708994,0.8650244966835217,0.9258796677955992,0.6222988200981042,140,378,0.27415301095807776,0.9839611289659269,0.4436310395314787,0.9667330110889963,0.6421003060984224,0.9281375827475602,0.8103448275862069,0.7295075725906608,0.8712861816919586,0.8980099502487562,0.8645590857708383,0.9239261539631247,0.6693550021277027,116,402,0.29486859354516504,0.9890066725668997,0.4688802858844549,0.9770719263315082,0.6651411673590085,0.9498491618844558,0.11845336100434628,0.061482986980695035,0.3265315663397684,0.2702702702702703,1.0963478312253714,0.11718132747984841,0.06481414774000567,0.8594222668987772
run_r05,mBRSET,0.6899924537063911,0.7715051439439785,0.013043478260869565,0.3782608695652174,0.3180720038203605,0.4424495039229388,0.8998664886515354,0.8762867837713222,0.9193654653623791,0.3098678083609272,230,749,0.16584587427751185,0.9649115622769238,0.29564045677886513,0.9287040359132442,0.4857002303168534,0.8527105132517496,0.5116279069767442,0.43749121661093515,0.5852565473432997,0.8996282527881041,0.8769653087805122,0.91850462302329,0.41409777913189194,172,807,0.21153090038245706,0.9722220856301295,0.3615812305248366,0.9431135011026857,0.56031054724484,0.8805026124849279,0.18048505406763352,0.11564788918386106,0.11928571653626148,0.23493360572012256,1.0963478312253714,0.17650947888378304,0.09675080219404754,0.65796976308699
run_r06,BRSET,0.9305651992778781,0.9291491629569252,0.7218045112781954,0.8270676691729323,0.7538595986637477,0.8819126352136235,0.899736147757256,0.8653727069544569,0.9260776257378244,0.7011406261961264,133,379,0.3027244474135177,0.9899853404777442,0.4782279526475177,0.9790906081641856,0.6734403773462992,0.9541521808877131,0.8211382113821138,0.7440133175148079,0.8788114331365685,0.8997429305912596,0.8658778719375607,0.9257900973384982,0.6883531571804902,123,389,0.30122209273797845,0.9896455932670949,0.4764497586767239,0.9783893254681723,0.6718709920139543,0.9526549309020901,0.08575898119524453,0.06623458475273442,0.22086322638007813,0.259765625,1.6199082729990912,0.08045059342573946,0.03177685667341634,0.9046117543306216
run_r06,mBRSET,0.6724095895977245,0.7359298002939396,0.008695652173913044,0.3173913043478261,0.2606574733441436,0.38012478827080554,0.8998664886515354,0.8762867837713222,0.9193654653623791,0.24787570120073377,230,749,0.14297369171109783,0.9616082152862595,0.26045720655275406,0.9222665925423048,0.44209513490786484,0.8405892583841349,0.4127906976744186,0.3419015367718611,0.4874902335713782,0.8996282527881041,0.8769653087805122,0.91850462302329,0.3273966811119332,172,807,0.1779382307728141,0.9667870786345161,0.31363822973971595,0.9323792575631246,0.5069409422694094,0.8597113572405959,0.20436768838640199,0.18126186802042898,0.053671737699693564,0.23493360572012256,1.6199082729990912,0.17928971378303332,0.09734105329125275,0.646946285165323
run_r07,BRSET,0.9278451457407548,0.9299292297564187,0.7112676056338029,0.8028169014084507,0.7297770026745639,0.8599044271443571,0.8983957219251337,0.863613466339962,0.9250771153720377,0.6862239257020712,142,374,0.29371727748691107,0.9885801526717557,0.4675,0.9761935073201783,0.6639053254437871,0.9479833101529903,0.8306451612903226,0.7549391834068182,0.8864802803380305,0.8979591836734694,0.8640284625616316,0.9241658839369798,0.6923407749149626,124,392,0.29993462887026806,0.9901712626441119,0.47492236755434275,0.9794745975704625,0.6705194632655772,0.9549730888723582,0.0975504901160279,0.0626056368653101,0.2606164967781008,0.2751937984496124,1.276173160325671,0.09347722979896247,0.037487935555992266,0.9040906903633859
run_r07,mBRSET,0.6888488999825855,0.759387337540705,0.0391304347826087,0.391304347826087,0.3305119632573819,0.455667954370564,0.8998664886515354,0.8762867837713222,0.9193654653623791,0.322774730136259,230,749,0.17058912845429705,0.9656223772555602,0.3027485852869847,0.930095197461401,0.49417198152628106,0.8553535465004,0.5174418604651163,0.44320260285000435,0.5909190430813479,0.8996282527881041,0.8769653087805122,0.91850462302329,0.418986892863088,172,807,0.2134216461484975,0.9725436955765184,0.36419368087986986,0.9437526294707301,0.5630924100947857,0.8817569893498144,0.18668934458454658,0.15180510164759958,0.08312850407252298,0.23493360572012256,1.276173160325671,0.17492134303587417,0.10735968303011229,0.6506736799983837
run_r08,BRSET,0.9129629629629629,0.9126432720992308,0.7428571428571429,0.8,0.7261308544506974,0.8578454250816198,0.8994708994708994,0.8650244966835217,0.9258796677955992,0.6840879689521345,140,378,0.29519718859820376,0.9884325846135015,0.4692737430167596,0.9758897818599311,0.6654929577464789,0.9473390916689886,0.7803030303030303,0.7022999211929869,0.8424527677829486,0.8989637305699482,0.8648584693496087,0.9252062941156435,0.662747501053196,132,386,0.28900196263720285,0.9873007589594655,0.4618190266000696,0.9735635169921829,0.6587903893951946,0.9424206573735919,0.09676954094732863,0.06766325831660228,0.26004094145173745,0.2702702702702703,1.4088638734823535,0.09214059098125355,0.0230110967925668,0.8765922759011333
run_r08,mBRSET,0.6041504614848783,0.665124924353765,0.0,0.2217391304347826,0.17287037775831154,0.27975021136923006,0.8998664886515354,0.8762867837713222,0.9193654653623791,0.14419542682507114,230,749,0.1043833976865629,0.9564626941620439,0.19746289719771107,0.9123289767343622,0.35633727926566483,0.82222260528727,0.26744186046511625,0.20690348096417696,0.33814123995112766,0.8996282527881041,0.8769653087805122,0.91850462302329,0.1862403777812579,172,807,0.12298976244906074,0.9589039102758411,0.2284290197526306,0.9170301828596608,0.39980613893376415,0.8308598233444783,0.19225829429525548,0.13273438966598572,0.10219921605413687,0.23493360572012256,1.4088638734823535,0.17856379395770472,0.06233291237279,0.5644940020117777
run_r09,BRSET,0.9380787037037037,0.9378322064889228,0.8814814814814815,0.837037037037037,0.7655746959530333,0.8898491286972207,0.8984375,0.8641702203783634,0.9248119603370184,0.7066247810736427,135,384,0.30253717919220235,0.9905437034698833,0.4780065435077167,0.9802442805929522,0.6732452057345001,0.9566208638856368,0.8803418803418803,0.8091336908554386,0.9273685065189389,0.8980099502487562,0.8645590857708383,0.9239261539631247,0.7194952978980573,117,402,0.31238259058914053,0.9930357825649555,0.48955414464583397,0.9854106558205729,0.6833349836617486,0.9677618916689579,0.10162410998367816,0.0869129134884393,0.3388520395327553,0.26011560693641617,1.3636825091098912,0.0969662144004354,0.09279606737515386,0.8954131348856154
run_r09,mBRSET,0.733917687351251,0.7911155298118209,0.10434782608695652,0.41739130434782606,0.3555293717131014,0.48196736568413734,0.8998664886515354,0.8762867837713222,0.9193654653623791,0.3482044731284185,230,749,0.17991562701737007,0.9670471536365803,0.31654296204337157,0.932890061556114,0.510304888434679,0.8606890731574608,0.5116279069767442,0.43749121661093515,0.5852565473432997,0.8996282527881041,0.8769653087805122,0.91850462302329,0.41409777913189194,172,807,0.21153090038245706,0.9722220856301295,0.3615812305248366,0.9431135011026857,0.56031054724484,0.8805026124849279,0.16835367128981968,0.12367190768028599,0.11126169803983656,0.23493360572012256,1.3636825091098912,0.15817515150706518,0.06962698579918288,0.6861216432501838
run_r10,BRSET,0.9370272128892819,0.9177449544270835,0.8,0.8222222222222222,0.7490902937005333,0.8775236925035557,0.8992042440318302,0.8646744816181776,0.9256806464295234,0.6981878339576717,135,377,0.30037253170826234,0.98970159905211,0.47544224411193275,0.9785048927026392,0.6709798451103948,0.952901492910238,0.796875,0.7190073134776924,0.8574426184699426,0.8984375,0.8641702203783634,0.9248119603370184,0.672544080604534,128,384,0.2922636103151863,0.9882406151062868,0.4657534246575343,0.9754948162111217,0.6623376623376623,0.9465020576131687,0.0899311754663699,0.054116011376953065,0.28637398772460937,0.263671875,1.286678079231214,0.08642625908259696,0.04586902201828121,0.9102847048106113
run_r10,mBRSET,0.629404423289023,0.6846524595832972,0.008695652173913044,0.26521739130434785,0.21236237732637947,0.3257862447499838,0.8998664886515354,0.8762867837713222,0.9193654653623791,0.19231523495878333,230,749,0.12234662153658299,0.9587947242819814,0.22737746281209725,0.9168193954241172,0.3983729913069257,0.8304705883928584,0.3023255813953488,0.23862530207545984,0.3746627107025491,0.8996282527881041,0.8769653087805122,0.91850462302329,0.22173443599387754,172,807,0.13683675066520584,0.9607841231582631,0.2507529040585114,0.9206676890409343,0.4295541088318389,0.837606149635771,0.18922224419854902,0.13297333275383047,0.10196027296629213,0.23493360572012256,1.286678079231214,0.17840994456486525,0.08260637374437536,0.5757121386704951
