run,test,auroc_any_raw,auroc_any_realmix,auroc_ref_raw,auroc_ref_realmix,sens_grade1,n_grade1,sens_grade2,n_grade2,sens_grade3,n_grade3,sens_grade4,n_grade4,n_grade0,sens_any_realmix,sens_ref_realmix
run_r01,BRSET,0.9370761709509542,0.907124162224608,0.9370150418310286,0.8802909729277951,0.7222222222222222,18,0.8032786885245902,61,1.0,16,0.9512195121951219,41,373,0.775014631828428,0.8740003998400638
run_r01,mBRSET,0.592401462819992,0.5309037291321415,0.6328574378336923,0.6153862262852098,0.031746031746031744,63,0.14953271028037382,107,0.2777777777777778,18,0.38095238095238093,42,749,0.0916858548918687,0.20407302329031296
run_r02,BRSET,0.9305944600062247,0.8810007941056817,0.9343701264945417,0.845594205196202,0.65,20,0.7142857142857143,42,1.0,15,0.9491525423728814,59,378,0.7085219496789136,0.8182506053268763
run_r02,mBRSET,0.6629302838567365,0.5571537899813617,0.7347054659154597,0.7158625427054948,0.09523809523809523,63,0.32710280373831774,107,0.3333333333333333,18,0.7619047619047619,42,749,0.18601613745864048,0.35622496662216285
run_r03,BRSET,0.9455882352941176,0.8557596467560804,0.9587628865979381,0.9171713821313796,0.35714285714285715,14,0.8214285714285714,56,1.0,13,1.0,57,374,0.5419254658385093,0.8883928571428571
run_r03,mBRSET,0.6514599175712543,0.5531726234490434,0.7204286009262264,0.7113176478008163,0.07936507936507936,63,0.2616822429906542,107,0.6111111111111112,18,0.8333333333333334,42,749,0.19318834129886545,0.4066069574247143
run_r04,BRSET,0.9183257055682685,0.8469261388766027,0.9316878743312659,0.8671521020688959,0.23809523809523808,21,0.6833333333333333,60,0.6666666666666666,6,0.9803921568627451,51,380,0.39760686883449026,0.6966911764705882
run_r04,mBRSET,0.6818308469263366,0.5413100997081596,0.7871891684611073,0.7997308705718751,0.0,63,0.3644859813084112,107,0.7777777777777778,18,0.8333333333333334,42,749,0.18189308772405072,0.5229426272066457
run_r05,BRSET,0.8922335600907031,0.7903657694962052,0.9298573975044563,0.8755909863945585,0.26666666666666666,30,0.72,50,1.0,10,0.94,50,378,0.45956521739130435,0.8212499999999998
run_r05,mBRSET,0.6899924537063911,0.5829473062242867,0.7696528126013982,0.7770088238881856,0.031746031746031744,63,0.34579439252336447,107,0.7777777777777778,18,0.8095238095238095,42,749,0.19801603426146294,0.5097722889778964
run_r06,BRSET,0.9305651992778781,0.8858742596407048,0.9365892607625258,0.8736934301361908,0.6,20,0.7115384615384616,52,1.0,18,1.0,43,379,0.6764214046822743,0.8197115384615384
run_r06,mBRSET,0.6724095895977245,0.5847991246357982,0.7328987345506032,0.7214706491597148,0.06349206349206349,63,0.29906542056074764,107,0.5,18,0.6666666666666666,42,749,0.17526266906600105,0.3848325545171339
run_r07,BRSET,0.9278451457407548,0.8903032842770696,0.9316881948460897,0.8760496217067906,0.56,25,0.734375,64,1.0,16,1.0,37,374,0.6552989130434783,0.8339843749999999
run_r07,mBRSET,0.6888488999825855,0.586842975996143,0.7634656794784815,0.7660372668306756,0.06349206349206349,63,0.35514018691588783,107,0.7777777777777778,18,0.8095238095238095,42,749,0.2207516624420322,0.5156134104732235
run_r08,BRSET,0.9129629629629629,0.8519952248330002,0.9170435510887772,0.8147319230628574,0.5,20,0.7307692307692307,52,0.6666666666666666,6,0.967741935483871,62,378,0.5784514690545546,0.7255479735318444
run_r08,mBRSET,0.6041504614848783,0.5142220633963934,0.6657399486740805,0.6515545658198392,0.07936507936507936,63,0.19626168224299065,107,0.2777777777777778,18,0.47619047619047616,42,749,0.13497062105351418,0.2392310117193294
run_r09,BRSET,0.9380787037037037,0.8806249680064472,0.9474171330176495,0.8920105932577088,0.45,20,0.8103448275862069,58,1.0,9,1.0,48,384,0.6000749625187406,0.8814655172413791
run_r09,mBRSET,0.733917687351251,0.6511668428398534,0.7927052299342203,0.7883666071385598,0.12698412698412698,63,0.38317757009345793,107,0.7777777777777778,18,0.7857142857142857,42,749,0.2677370148926427,0.5316486797211095
run_r10,BRSET,0.9370272128892819,0.8850504158133367,0.9411879259980526,0.8732362596017448,0.5,18,0.7547169811320755,53,1.0,11,0.9622641509433962,53,377,0.6197703035274815,0.8443396226415094
run_r10,mBRSET,0.629404423289023,0.5474760600244188,0.6821000855431992,0.6570036566573785,0.14285714285714285,63,0.19626168224299065,107,0.3333333333333333,18,0.5952380952380952,42,749,0.18500512760975987,0.2640325990209167
